id,record_type,view_id,row_id,column_id,capability_refs,need,operation,outcome,implementation_status,standing,source_refs,code_refs,test_refs,account_ref,relation,coverage,extensions,question
cap.factory.native-cli,capability,,,,[],A developer or Agent needs a stable way to inspect and operate Factory.,"factory capabilities declares public contracts; build snapshot/refresh, bounded developmental reads, atomic Commission creation/read, closed workflow/Activity/Return/Recognition mutation, run development-ledger observation, Action invocation, and verify operate or validate native providers.","Native snapshots, Commission receipts/reads, closed mutation receipts and existing developmental readings remain usable from shell and machine clients without transferring Factory write ownership.","source-inspected; full Factory workspace tests, strict Clippy, formatting and native Draft 2020-12 Commission validation executed green 2026-09-09. The checked-in self-hosting state is native-CLI generated with ready/planned units and empty Agency/Execution; owner-world execution and desktop acceptance are not established.",agent-inference,../github-recovery-mirror/mirror/agent-system-design/issues/181.json;../github-recovery-mirror/mirror/agent-system-design/issues/181.comments.json,factory/src/cli.rs;factory/src/developmental_read.rs;factory/src/commission.rs,factory/src/commission.rs;scripts/validate_self_hosting_commission.py;contracts/factory/commission-request.schema.json;contracts/factory/commission.schema.json;contracts/factory/developmental-mutation.schema.json;contracts/factory/fixtures/oi-self-hosting-state.json,factory.html#q1/product,,,"{""basis"": ""Factory #201 self-hosting Commission is Factory-owned; Central composition evidence remains exact and membership-non-authoritative, and no execution is inferred."", ""converted_from_sha256"": ""99e4e8737c1c481bcd25a49a0a02f21cf3c34d78041d709e58fc566a5da0bf20"", ""cli_commands"": [""build.snapshot"", ""build.refresh"", ""action.list"", ""action.invoke"", ""verify"", ""development.project"", ""development.journey"", ""development.run"", ""development.workflow-units"", ""development.workflow-unit"", ""development.execution-telemetry"", ""development.action"", ""development.observe"", ""development.observations"", ""development.commission"", ""development.commission-read"", ""development.mutate""], ""cli_exposure"": {""kind"": ""direct"", ""reason"": ""The native factory executable declares and handles these command families.""}, ""maintenance"": {""updated_at"": ""2026-09-09"", ""change_refs"": [""codex:thread:01a07608-d2ec-7b10-9713-74c445adf8a5"", ""../github-recovery-mirror/mirror/agent-system-design/issues/181.json"", ""reconcile:factory-pr-194"", ""https://github.com/EpiLogos/agent-system-design/pull/202"", ""https://github.com/EpiLogos/agent-system-design/issues/199"", ""https://github.com/EpiLogos/Workcell/pull/64"", ""wiki-continuity:CASE-07-08-development-observation-surface"", ""https://github.com/EpiLogos/agent-system-design/issues/200"", ""https://github.com/EpiLogos/agent-system-design/issues/201""], ""code_basis"": {""factory/src/cli.rs"": ""ea9f9951b8ba7b05678ffe7d07b00cb233ffec293827f218a4af18f5d0dc45e4"", ""factory/src/developmental_read.rs"": ""408d946ffca86e1fbdd3fdd8d1fc04c09ea1cb07e7092fd882d4eaa4c46b6ec8"", ""scripts/validate_factory_interop.py"": ""d0efce769e0560ad2c0f0bfd072049b1b73bb999dd686f4b3c43bbb90b6a6d38"", ""factory/src/commission.rs"": ""72d8aaa658fcb77fa066719a95da83bff7945a336f14c05555ece222147ca54f"", ""scripts/validate_self_hosting_commission.py"": ""45c25f87500a1da1dcb6d389aaf784abd0c5b7797d90e0d247ccf5b9d489da0f""}}, ""last_reconciled_at"": ""2026-09-09T12:50:22.902293+00:00""}",
cap.factory.build-reading,capability,,,,[],A person needs the selected Project and Run’s current developmental state.,"FactoryBuildFileProvider and FactoryDevelopmentalFileProvider validate canonical Project/Journey/Run/WorkflowUnit relations and publish bounded reads, including an exact Commission relation over Factory-minted identity and retained non-authoritative Central provenance.","A Commission and its later owner-native workflow, Activity, Return or Recognition correlations survive reopen with atomic replay/conflict and tamper validation; no execution or external authority is inferred.","source-inspected; full Factory workspace tests, strict Clippy, formatting and real native-binary Commission/schema validation executed green 2026-09-09. The specimen proves persisted Factory state and truthful unfinished work, not owner-world execution.",agent-inference,../github-recovery-mirror/mirror/agent-system-design/issues/143.json;../github-recovery-mirror/mirror/agent-system-design/issues/143.comments.json,factory/src/build_provider.rs;factory/src/developmental_read.rs;factory/src/commission.rs,factory/src/commission.rs;scripts/validate_self_hosting_commission.py;contracts/factory/commission.schema.json;contracts/factory/developmental-mutation.schema.json;contracts/factory/fixtures/oi-self-hosting-state.json,factory.html#q1/product,,,"{""basis"": ""Factory #201 self-hosting Commission is Factory-owned; Central composition evidence remains exact and membership-non-authoritative, and no execution is inferred."", ""converted_from_sha256"": ""99e4e8737c1c481bcd25a49a0a02f21cf3c34d78041d709e58fc566a5da0bf20"", ""cli_commands"": [""build.snapshot"", ""build.refresh"", ""action.list"", ""development.project"", ""development.journey"", ""development.run"", ""development.workflow-units"", ""development.workflow-unit"", ""development.execution-telemetry""], ""cli_exposure"": {""kind"": ""direct"", ""reason"": ""Native commands return bounded owner readings over persisted source-backed state.""}, ""maintenance"": {""updated_at"": ""2026-09-09"", ""change_refs"": [""codex:thread:01a07608-d2ec-7b10-9713-74c445adf8a5"", ""../github-recovery-mirror/mirror/agent-system-design/issues/143.json"", ""reconcile:factory-pr-194"", ""https://github.com/EpiLogos/agent-system-design/pull/202"", ""https://github.com/EpiLogos/agent-system-design/issues/199"", ""https://github.com/EpiLogos/Workcell/pull/64"", ""https://github.com/EpiLogos/agent-system-design/issues/200"", ""https://github.com/EpiLogos/agent-system-design/issues/201""], ""code_basis"": {""factory/src/build_provider.rs"": ""527ce717e1f48a394385ddd9cd489b8b5b5c318c621162492df8ce72da83eab5"", ""factory/src/developmental_read.rs"": ""408d946ffca86e1fbdd3fdd8d1fc04c09ea1cb07e7092fd882d4eaa4c46b6ec8"", ""scripts/validate_factory_interop.py"": ""d0efce769e0560ad2c0f0bfd072049b1b73bb999dd686f4b3c43bbb90b6a6d38"", ""factory/src/commission.rs"": ""72d8aaa658fcb77fa066719a95da83bff7945a336f14c05555ece222147ca54f"", ""scripts/validate_self_hosting_commission.py"": ""45c25f87500a1da1dcb6d389aaf784abd0c5b7797d90e0d247ccf5b9d489da0f""}}, ""last_reconciled_at"": ""2026-09-09T12:50:22.902293+00:00""}",
cap.factory.journey-continuity,capability,,,,[],A continuing outcome needs to outlive one bounded Run or session.,"Journey records participants, linked Runs, frontier, Activity, Return and Recognition; accepted AIKit evidence can continue it, while a versioned Factory Commission can atomically create or append its first bounded Run under Factory ownership.",One continuing identity preserves exact Central membership provenance as non-authoritative evidence and later owner-native correlations without converting any of them into Actuation or execution authority.,"source-inspected; full Factory workspace and real native-binary Commission tests executed green 2026-09-09 across create/reopen, concurrent duplicate, replay conflict, foreign refs, late-failure rollback and persisted-effect tamper detection. Owner-world execution remains external.",agent-inference,../github-recovery-mirror/mirror/agent-system-design/issues/168.json;../github-recovery-mirror/mirror/agent-system-design/issues/168.comments.json;contracts/factory/routine-continuation-source-lock.json;contracts/factory/upstream/aikit.routine-invocation-evidence.v1.schema.json,factory/src/journey.rs;factory/src/routine_continuation.rs;factory/src/developmental_read.rs;factory/src/conformance.rs;factory/src/commission.rs,factory/tests/routine_continuation.rs;factory/tests/developmental_conformance.rs;factory/src/commission.rs;scripts/validate_self_hosting_commission.py,factory.html#q1/continuity,,,"{""basis"": ""Factory #201 self-hosting Commission is Factory-owned; Central composition evidence remains exact and membership-non-authoritative, and no execution is inferred."", ""cli_commands"": [""development.admit-routine-continuation"", ""development.routine-continuation"", ""conformance.developmental-state""], ""cli_exposure"": {""kind"": ""direct"", ""reason"": ""The native Factory executable admits and explains the relation and generates validated conformance provider state.""}, ""maintenance"": {""updated_at"": ""2026-09-09"", ""change_refs"": [""../github-recovery-mirror/mirror/agent-system-design/issues/168.json"", ""https://github.com/EpiLogos/agent-system-design/issues/200"", ""https://github.com/EpiLogos/ai-kit/pull/251"", ""https://github.com/EpiLogos/agent-system-design/issues/201""], ""code_basis"": {""factory/src/journey.rs"": ""e91d5e20d9cf61fa47466c2122fd5d1f2a7c2eb7bff70e4e65a2968c55d248c2"", ""factory/src/routine_continuation.rs"": ""ff14fa4c1bb0c4b094891fb46236a341bb2a907cb479d1a253f21d4bda33355f"", ""factory/src/developmental_read.rs"": ""408d946ffca86e1fbdd3fdd8d1fc04c09ea1cb07e7092fd882d4eaa4c46b6ec8"", ""factory/src/conformance.rs"": ""483b758ac3b830e235e756386bca53ab6fe23787f35829947618874384552556"", ""factory/src/commission.rs"": ""72d8aaa658fcb77fa066719a95da83bff7945a336f14c05555ece222147ca54f"", ""scripts/validate_self_hosting_commission.py"": ""45c25f87500a1da1dcb6d389aaf784abd0c5b7797d90e0d247ccf5b9d489da0f""}}, ""last_reconciled_at"": ""2026-09-09T12:48:09.132196+00:00""}",
cap.factory.run-map,capability,,,,[],A developer needs an inspectable transformation whose identity survives execution changes.,Factory compiles source-owned workflow units into the canonical RunMap and coordinates admissible serial/fork execution through Run mutation authority and Execution Intelligence dispositions.,"Stable unit identity survives runtime-carrier changes; atomic fork admission, one-writer law, complete barriers, distinct interruption states, retained retry history, evidence-bearing synthesis and independent-review lineage fail closed.",source-inspected; Factory all-target suite (155 tests including 15 adversarial orchestration tests) and strict Clippy executed green 2026-09-08. External provider/process/Workcell execution and desktop acceptance are not established.,agent-inference,../github-recovery-mirror/mirror/agent-system-design/issues/4.json;../github-recovery-mirror/mirror/agent-system-design/issues/4.comments.json,factory/src/core/run/model.rs;factory/src/core/run/topology.rs;factory/src/workflow.rs;factory/src/orchestration.rs,factory/tests/run_map.rs;factory/tests/workflow.rs;factory/tests/orchestration.rs;contracts/factory/agent-workflow-source.schema.json;contracts/factory/fixtures/agent-workflow-source.json,factory.html#q1/continuity,,,"{""basis"": ""Source-recovered capability account reconciled against implemented #197 compilation and #198 executable orchestration semantics."", ""converted_from_sha256"": ""99e4e8737c1c481bcd25a49a0a02f21cf3c34d78041d709e58fc566a5da0bf20"", ""cli_commands"": [], ""cli_exposure"": {""kind"": ""library"", ""reason"": ""Workflow compilation and orchestration are native domain contracts; public Run and WorkflowUnit readings expose the resulting topology and source relations.""}, ""maintenance"": {""updated_at"": ""2026-09-08"", ""change_refs"": [""codex:thread:01a07608-d2ec-7b10-9713-74c445adf8a5"", ""../github-recovery-mirror/mirror/agent-system-design/issues/4.json"", ""reconcile:factory-pr-194"", ""https://github.com/EpiLogos/agent-system-design/issues/197"", ""https://github.com/EpiLogos/agent-system-design/issues/198""], ""code_basis"": {""factory/src/core/run/model.rs"": ""a1f4606fbfa0ef4c253ef5580e18a54dcdecf17f203eb47b6a9550a27d64ba1c"", ""factory/src/core/run/topology.rs"": ""930b4d55ebabba4f447ba6225d19d4b3f6a755a99bfc83baedef43f347452c82"", ""factory/src/workflow.rs"": ""7217067b307e062e56d0c45bbfa5d0a5746b7d66ecd868cd7eb7555db0d0db80"", ""factory/src/orchestration.rs"": ""df4f8e7eda334893af0b7cbd2fc4d2e005df5fa590d3dcbb52e93ffd43671866""}}, ""last_reconciled_at"": ""2026-09-08T21:53:25.671989+00:00""}",
cap.factory.build-evidence,capability,,,,[],A reviewer needs the reasons bearing upon a proposed result.,"FactoryBuildState projects Candidate, Claim, Evidence and HumanRequest relations.",The Build consumer can follow native epistemic subjects without substituting trace detail.,source-inspected; Native source and test definitions inspected 2026-09-06. Tests were not executed in this documentation pass; owner-world and desktop acceptance are not established.,agent-inference,../github-recovery-mirror/mirror/agent-system-design/issues/143.json;../github-recovery-mirror/mirror/agent-system-design/issues/143.comments.json,factory/src/build.rs,factory/tests/build_live.rs,factory.html#q1/epistemics,,,"{""basis"": ""Source-recovered capability account; original verification limits retained in Markdown."", ""converted_from_sha256"": ""99e4e8737c1c481bcd25a49a0a02f21cf3c34d78041d709e58fc566a5da0bf20"", ""cli_commands"": [], ""cli_exposure"": {""kind"": ""composed"", ""reason"": ""Build snapshots may contain native evidence subjects, but the CLI declares no evidence-specific command.""}, ""maintenance"": {""updated_at"": ""2026-09-09"", ""change_refs"": [""codex:thread:01a07608-d2ec-7b10-9713-74c445adf8a5"", ""../github-recovery-mirror/mirror/agent-system-design/issues/143.json"", ""reconcile:factory-pr-194"", ""https://github.com/EpiLogos/agent-system-design/issues/200""], ""code_basis"": {""factory/src/build.rs"": ""5aa0b1b3564283d9dee2bc5a61b161a596bbfc55af551293eb0292ed9cf5f119""}}, ""last_reconciled_at"": ""2026-09-09T11:53:49.067727+00:00""}",
cap.factory.structural-ground,capability,,,,[],A target with authored relational identity needs development faithful to that ground.,"StructuralGround validates source-owned identities, relations and provider evidence.",Missing or stale structure can be disclosed before feature-local decomposition replaces its source.,source-inspected; Native source and test definitions inspected 2026-09-06. Tests were not executed in this documentation pass; owner-world and desktop acceptance are not established.,agent-inference,../github-recovery-mirror/mirror/agent-system-design/issues/156.json;../github-recovery-mirror/mirror/agent-system-design/issues/156.comments.json,factory/src/structural_ground.rs,factory/tests/source_ground.rs;factory/tests/epi_holographic_structural_ground.rs,factory.html#q0/ground,,,"{""basis"": ""Source-recovered capability account; original verification limits retained in Markdown."", ""converted_from_sha256"": ""99e4e8737c1c481bcd25a49a0a02f21cf3c34d78041d709e58fc566a5da0bf20"", ""cli_commands"": [], ""cli_exposure"": {""kind"": ""library"", ""reason"": ""Structural-ground validation has native code but no declared CLI command.""}, ""maintenance"": {""updated_at"": ""2026-09-08"", ""change_refs"": [""codex:thread:01a07608-d2ec-7b10-9713-74c445adf8a5"", ""../github-recovery-mirror/mirror/agent-system-design/issues/156.json"", ""reconcile:factory-pr-194""], ""code_basis"": {""factory/src/structural_ground.rs"": ""37ff1583b95e7fdbe42c9c35c8692422bb762a4e4a012d9191d6f6f27e4fb060""}}, ""last_reconciled_at"": ""2026-09-08T11:52:07.186089+00:00""}",
cap.factory.journey-commission,capability,,,,[],A person needs a named collaborator to carry a continuing developmental responsibility.,"JourneyCommissionState records accountable subjects, state, handoffs and Recognition attention.",The continuing responsibility stays readable apart from session lifecycle and invocation authority.,source-inspected; Native source and test definitions inspected 2026-09-06. Tests were not executed in this documentation pass; owner-world and desktop acceptance are not established.,agent-inference,../github-recovery-mirror/mirror/agent-system-design/issues/176.json;../github-recovery-mirror/mirror/agent-system-design/issues/176.comments.json,factory/src/journey_commission.rs,factory/src/journey_commission.rs,factory.html#q2/commission,,,"{""basis"": ""Source-recovered capability account; original verification limits retained in Markdown."", ""converted_from_sha256"": ""99e4e8737c1c481bcd25a49a0a02f21cf3c34d78041d709e58fc566a5da0bf20"", ""cli_commands"": [], ""cli_exposure"": {""kind"": ""library"", ""reason"": ""Journey commission has native code but no declared CLI command.""}, ""maintenance"": {""updated_at"": ""2026-09-08"", ""change_refs"": [""codex:thread:01a07608-d2ec-7b10-9713-74c445adf8a5"", ""../github-recovery-mirror/mirror/agent-system-design/issues/176.json"", ""EpiLogos/agent-system-design#188"", ""reconcile:factory-pr-194""], ""code_basis"": {""factory/src/journey_commission.rs"": ""a424c3be7b85a1616106dc8cfc38c8a3e65ae762657e6bb82a2b9660f5b74b05""}}, ""last_reconciled_at"": ""2026-09-08T11:52:07.186089+00:00""}",
cap.factory.bounded-intent,capability,,,,[],A Run needs the exact intended difference and operative context it answers to.,"ProjectDevelopmentLedger.set_intent retains native source, success criteria and ContextResolution references.",Development has an attributable basis and replacing the intent clears its previous return.,source-inspected; Native source and test definitions inspected 2026-09-06. Tests were not executed in this documentation pass; owner-world and desktop acceptance are not established.,agent-inference,../github-recovery-mirror/mirror/agent-system-design/issues/174.json;../github-recovery-mirror/mirror/agent-system-design/issues/174.comments.json,factory/src/project_development.rs,factory/tests/project_context_intent.rs,factory.html#q2/implement,,,"{""basis"": ""Source-recovered capability account; original verification limits retained in Markdown."", ""converted_from_sha256"": ""99e4e8737c1c481bcd25a49a0a02f21cf3c34d78041d709e58fc566a5da0bf20"", ""cli_commands"": [], ""cli_exposure"": {""kind"": ""library"", ""reason"": ""Bounded intent has native ledger code but no declared CLI command.""}, ""maintenance"": {""updated_at"": ""2026-09-08"", ""change_refs"": [""codex:thread:01a07608-d2ec-7b10-9713-74c445adf8a5"", ""../github-recovery-mirror/mirror/agent-system-design/issues/174.json"", ""reconcile:factory-pr-194"", ""https://github.com/EpiLogos/agent-system-design/pull/203""], ""code_basis"": {""factory/src/project_development.rs"": ""05a695ddfc500e01302f463fc4ec42d6f7f87a61f4c37a5c6e9a217ccde7bf57""}}, ""last_reconciled_at"": ""2026-09-08T20:51:59.447156+00:00""}",
cap.factory.git-development,capability,,,,[],A change needs an exact source base and isolated material correlation.,"GitDevelopmentRegistry pins a base, binds or rebinds material worktrees and records returned differences.",Run and Candidate lineage survive material changes while returned evidence identifies its base.,source-inspected; Native source and test definitions inspected 2026-09-06. Tests were not executed in this documentation pass; owner-world and desktop acceptance are not established.,agent-inference,../github-recovery-mirror/mirror/agent-system-design/issues/170.json;../github-recovery-mirror/mirror/agent-system-design/issues/170.comments.json,factory/src/git_development.rs,factory/src/git_development.rs,factory.html#q2/implement,,,"{""basis"": ""Source-recovered capability account; original verification limits retained in Markdown."", ""converted_from_sha256"": ""99e4e8737c1c481bcd25a49a0a02f21cf3c34d78041d709e58fc566a5da0bf20"", ""cli_commands"": [], ""cli_exposure"": {""kind"": ""library"", ""reason"": ""Git-development registration has native code but no declared CLI command.""}, ""maintenance"": {""updated_at"": ""2026-09-08"", ""change_refs"": [""codex:thread:01a07608-d2ec-7b10-9713-74c445adf8a5"", ""../github-recovery-mirror/mirror/agent-system-design/issues/170.json"", ""reconcile:factory-pr-194""], ""code_basis"": {""factory/src/git_development.rs"": ""2ebc9473dea88891bdccee7ce8ca140d18120573184c29a6331fc188a41da64c""}}, ""last_reconciled_at"": ""2026-09-08T11:52:07.186089+00:00""}",
cap.factory.intent-return,capability,,,,[],A reviewer needs to know whether the stated criteria were met.,"set_intent_return validates criterion/source/context identity and derives satisfied, unsatisfied or indeterminate.",Conclusive criteria require evidence and incomplete coverage stays indeterminate.,source-inspected; Native source and test definitions inspected 2026-09-06. Tests were not executed in this documentation pass; owner-world and desktop acceptance are not established.,agent-inference,../github-recovery-mirror/mirror/agent-system-design/issues/174.json;../github-recovery-mirror/mirror/agent-system-design/issues/174.comments.json,factory/src/project_development.rs,factory/tests/project_context_intent.rs,factory.html#q2/implement,,,"{""basis"": ""Source-recovered capability account; original verification limits retained in Markdown."", ""converted_from_sha256"": ""99e4e8737c1c481bcd25a49a0a02f21cf3c34d78041d709e58fc566a5da0bf20"", ""cli_commands"": [], ""cli_exposure"": {""kind"": ""library"", ""reason"": ""Intent return has native ledger code but no declared CLI command.""}, ""maintenance"": {""updated_at"": ""2026-09-08"", ""change_refs"": [""codex:thread:01a07608-d2ec-7b10-9713-74c445adf8a5"", ""../github-recovery-mirror/mirror/agent-system-design/issues/174.json"", ""reconcile:factory-pr-194"", ""https://github.com/EpiLogos/agent-system-design/pull/203""], ""code_basis"": {""factory/src/project_development.rs"": ""05a695ddfc500e01302f463fc4ec42d6f7f87a61f4c37a5c6e9a217ccde7bf57""}}, ""last_reconciled_at"": ""2026-09-08T20:51:59.447156+00:00""}",
cap.factory.request-evidence,capability,,,,[],A reviewer needs additional support for a developmental decision.,The canonical request-evidence Action checks capability and authority then creates a HumanRequest.,The result advances persistent native state; failed authority does not mutate it.,source-inspected; Native source and test definitions inspected 2026-09-06. Tests were not executed in this documentation pass; owner-world and desktop acceptance are not established.,agent-inference,../github-recovery-mirror/mirror/agent-system-design/issues/143.json;../github-recovery-mirror/mirror/agent-system-design/issues/143.comments.json,factory/src/build.rs,factory/tests/build_live.rs;factory/tests/build_file_provider.rs,factory.html#q2/encounter,,,"{""basis"": ""Source-recovered capability account; original verification limits retained in Markdown."", ""converted_from_sha256"": ""99e4e8737c1c481bcd25a49a0a02f21cf3c34d78041d709e58fc566a5da0bf20"", ""cli_commands"": [], ""cli_exposure"": {""kind"": ""composed"", ""reason"": ""The currently projected request-evidence Action can be invoked through action.invoke only when native state exposes and authorises it; it is not a declared command ID.""}, ""maintenance"": {""updated_at"": ""2026-09-09"", ""change_refs"": [""codex:thread:01a07608-d2ec-7b10-9713-74c445adf8a5"", ""../github-recovery-mirror/mirror/agent-system-design/issues/143.json"", ""reconcile:factory-pr-194"", ""https://github.com/EpiLogos/agent-system-design/issues/200""], ""code_basis"": {""factory/src/build.rs"": ""5aa0b1b3564283d9dee2bc5a61b161a596bbfc55af551293eb0292ed9cf5f119""}}, ""last_reconciled_at"": ""2026-09-09T11:53:49.067727+00:00""}",
cap.factory.cognitive-reading,capability,,,,[],A collaborator needs relevant retained thought without reading every session.,"FactoryBuildCognitiveFocus filters by subject, producer, anchor, related reference and lifecycle.",A source-backed cognitive reading remains related to the Run and native thought identities.,source-inspected; Native source and test definitions inspected 2026-09-06. Tests were not executed in this documentation pass; owner-world and desktop acceptance are not established.,agent-inference,../github-recovery-mirror/mirror/agent-system-design/issues/163.json;../github-recovery-mirror/mirror/agent-system-design/issues/163.comments.json,factory/src/build_cognitive.rs,factory/tests/build_cognitive.rs,factory.html#q3/thought,,,"{""basis"": ""Source-recovered capability account; original verification limits retained in Markdown."", ""converted_from_sha256"": ""99e4e8737c1c481bcd25a49a0a02f21cf3c34d78041d709e58fc566a5da0bf20"", ""cli_commands"": [], ""cli_exposure"": {""kind"": ""library"", ""reason"": ""Cognitive reading has native code but no declared CLI command.""}, ""maintenance"": {""updated_at"": ""2026-09-08"", ""change_refs"": [""codex:thread:01a07608-d2ec-7b10-9713-74c445adf8a5"", ""../github-recovery-mirror/mirror/agent-system-design/issues/163.json"", ""reconcile:factory-pr-194""], ""code_basis"": {""factory/src/build_cognitive.rs"": ""47d1298f7b9710bd5e216c206435d23a9543c5b9e612fd6e18d7a90ca0eb42d2""}}, ""last_reconciled_at"": ""2026-09-08T11:52:07.186089+00:00""}",
cap.factory.owner-return,capability,,,,[],An implementation finding needs to pressure the proper source or praxis owner.,"The development ledger retains observations, reflection anchors and owner-return proposals.",The review can follow code back to source and route a proposed change without silently mutating foreign ground.,source-inspected; Native source and test definitions inspected 2026-09-06. Tests were not executed in this documentation pass; owner-world and desktop acceptance are not established.,agent-inference,../github-recovery-mirror/mirror/agent-system-design/issues/155.json;../github-recovery-mirror/mirror/agent-system-design/issues/155.comments.json,factory/src/project_development.rs,factory/tests/project_development.rs;factory/tests/development_observation_cli.rs,factory.html#q2/return,,,"{""basis"": ""Source-recovered capability account; original verification limits retained in Markdown."", ""converted_from_sha256"": ""99e4e8737c1c481bcd25a49a0a02f21cf3c34d78041d709e58fc566a5da0bf20"", ""cli_commands"": [""development.observe"", ""development.observations""], ""cli_exposure"": {""kind"": ""direct"", ""reason"": ""factory development observe records an observation with its owner-return proposal; factory development observations reads the open ones back.""}, ""maintenance"": {""updated_at"": ""2026-09-09"", ""change_refs"": [""codex:thread:01a07608-d2ec-7b10-9713-74c445adf8a5"", ""../github-recovery-mirror/mirror/agent-system-design/issues/155.json"", ""reconcile:factory-pr-194"", ""https://github.com/EpiLogos/agent-system-design/pull/203"", ""wiki-continuity:CASE-07-08-development-observation-surface""], ""code_basis"": {""factory/src/project_development.rs"": ""05a695ddfc500e01302f463fc4ec42d6f7f87a61f4c37a5c6e9a217ccde7bf57""}}, ""last_reconciled_at"": ""2026-09-09T10:37:39.544599+00:00""}",
cap.factory.development-persistence,capability,,,,[],A later process needs the actual Run context and findings.,FileProjectDevelopmentStore saves and reloads the existing ledger with identity and version validation.,Developmental state survives reopening; a missing record stays absent.,source-inspected; Native source and test definitions inspected 2026-09-06. Tests were not executed in this documentation pass; owner-world and desktop acceptance are not established.,agent-inference,../github-recovery-mirror/mirror/agent-system-design/issues/174.json;../github-recovery-mirror/mirror/agent-system-design/issues/174.comments.json,factory/src/project_development_store.rs,factory/tests/project_development_persistence.rs;factory/tests/development_observation_cli.rs,factory.html#q4/reentry,,,"{""basis"": ""Source-recovered capability account; original verification limits retained in Markdown."", ""converted_from_sha256"": ""99e4e8737c1c481bcd25a49a0a02f21cf3c34d78041d709e58fc566a5da0bf20"", ""cli_commands"": [""development.observe"", ""development.observations""], ""cli_exposure"": {""kind"": ""direct"", ""reason"": ""The ledger the observe/observations commands read and write is this store; the same file loads back through FileProjectDevelopmentStore.""}, ""maintenance"": {""updated_at"": ""2026-09-09"", ""change_refs"": [""codex:thread:01a07608-d2ec-7b10-9713-74c445adf8a5"", ""../github-recovery-mirror/mirror/agent-system-design/issues/174.json"", ""reconcile:factory-pr-194"", ""wiki-continuity:CASE-07-08-development-observation-surface""], ""code_basis"": {""factory/src/project_development_store.rs"": ""59ed443133d058af04e9207aa20da8cbd40f38e939a36d8ab649c0aa4d3d34e6""}}, ""last_reconciled_at"": ""2026-09-09T10:37:39.544599+00:00""}",
cap.factory.praxis-condition,capability,,,,[],Development needs an attributable account of how its Agent actually worked.,"The development ledger retains external METHOD-classified Skill, body and context conditions and capability rows.",Evidence can qualify the actual operative condition without making Factory the resolver.,source-inspected; Native source and test definitions inspected 2026-09-06. Tests were not executed in this documentation pass; owner-world and desktop acceptance are not established.,agent-inference,../github-recovery-mirror/mirror/agent-system-design/issues/155.json;../github-recovery-mirror/mirror/agent-system-design/issues/155.comments.json,factory/src/project_development.rs,factory/tests/project_development.rs,factory.html#q3/owners,,,"{""basis"": ""Source-recovered capability account; original verification limits retained in Markdown."", ""converted_from_sha256"": ""99e4e8737c1c481bcd25a49a0a02f21cf3c34d78041d709e58fc566a5da0bf20"", ""cli_commands"": [], ""cli_exposure"": {""kind"": ""library"", ""reason"": ""Praxis conditions have native ledger code but no declared CLI command.""}, ""maintenance"": {""updated_at"": ""2026-09-08"", ""change_refs"": [""codex:thread:01a07608-d2ec-7b10-9713-74c445adf8a5"", ""../github-recovery-mirror/mirror/agent-system-design/issues/155.json"", ""reconcile:factory-pr-194"", ""https://github.com/EpiLogos/agent-system-design/pull/203""], ""code_basis"": {""factory/src/project_development.rs"": ""05a695ddfc500e01302f463fc4ec42d6f7f87a61f4c37a5c6e9a217ccde7bf57""}}, ""last_reconciled_at"": ""2026-09-08T20:51:59.447156+00:00""}",
cap.factory.action-projection,capability,,,,[],Different clients must operate the same developmental subject under the same authority.,execute_projected_factory_action validates projection lineage and invokes the native handler.,"Headless and native CLI paths retain subject, caller and authority in the returned receipt.","source-inspected; native CLI integration evidence executed 2026-09-06 (cargo test --test cli --test native_cli: 7 passed) covers projected invocation, rejection and persisted receipt parity. Owner-world and desktop acceptance are not established.",agent-inference,../github-recovery-mirror/mirror/agent-system-design/issues/181.json;../github-recovery-mirror/mirror/agent-system-design/issues/181.comments.json,factory/src/action_projection.rs,factory/tests/action_projection.rs;factory/tests/native_cli.rs,factory.html#q3/contracts,,,"{""basis"": ""Source-recovered capability account; original verification limits retained in Markdown."", ""converted_from_sha256"": ""99e4e8737c1c481bcd25a49a0a02f21cf3c34d78041d709e58fc566a5da0bf20"", ""cli_commands"": [""action.list"", ""action.invoke"", ""development.action""], ""cli_exposure"": {""kind"": ""direct"", ""reason"": ""The native command lists selected Actions and invokes a projected Action through the canonical provider.""}, ""maintenance"": {""updated_at"": ""2026-09-08"", ""change_refs"": [""codex:thread:01a07608-d2ec-7b10-9713-74c445adf8a5"", ""../github-recovery-mirror/mirror/agent-system-design/issues/181.json"", ""reconcile:factory-pr-194"", ""https://github.com/EpiLogos/agent-system-design/pull/202""], ""code_basis"": {""factory/src/action_projection.rs"": ""3a6c9e38128fe4db368dff902377a948dc903b5a7a621ae18137dae9f5cd54e0""}}, ""last_reconciled_at"": ""2026-09-08T20:47:45.011637+00:00""}",
cap.factory.run-thought,capability,,,,[],Developmental reasoning must remain attributable beyond a single session.,"Run retains typed source-backed thought with producer, passage anchors and Run-local identity.",Multiple sessions contribute without cross-Run leakage or duplicate retention.,source-inspected; Native source and test definitions inspected 2026-09-06. Tests were not executed in this documentation pass; owner-world and desktop acceptance are not established.,agent-inference,../github-recovery-mirror/mirror/agent-system-design/issues/163.json;../github-recovery-mirror/mirror/agent-system-design/issues/163.comments.json,factory/src/core/run/thought.rs,factory/tests/run_thought.rs;factory/tests/build_cognitive_write.rs,factory.html#q3/thought,,,"{""basis"": ""Source-recovered capability account; original verification limits retained in Markdown."", ""converted_from_sha256"": ""99e4e8737c1c481bcd25a49a0a02f21cf3c34d78041d709e58fc566a5da0bf20"", ""cli_commands"": [], ""cli_exposure"": {""kind"": ""library"", ""reason"": ""Run thought has native domain code but no declared CLI command.""}, ""maintenance"": {""updated_at"": ""2026-09-08"", ""change_refs"": [""codex:thread:01a07608-d2ec-7b10-9713-74c445adf8a5"", ""../github-recovery-mirror/mirror/agent-system-design/issues/163.json"", ""reconcile:factory-pr-194""], ""code_basis"": {""factory/src/core/run/thought.rs"": ""d142a69299b63cf0dd9f9699217fd7fc5302a782e192cee7987ac7174225882f""}}, ""last_reconciled_at"": ""2026-09-08T11:52:07.186089+00:00""}",
cap.factory.praxis-fitness,capability,,,,[],A continuing responsibility needs evidence before its METHOD-classified Skill becomes recurring unattended work.,"JourneyPraxisContext relates profile selection, METHOD-classified Skill proof, praxis return and Routine observations.",Changed method/proof relations disclose revalidation pressure while native owners retain scheduling and resolution.,source-inspected; Native source and test definitions inspected 2026-09-06. Tests were not executed in this documentation pass; owner-world and desktop acceptance are not established.,agent-inference,../github-recovery-mirror/mirror/agent-system-design/issues/176.json;../github-recovery-mirror/mirror/agent-system-design/issues/176.comments.json,factory/src/journey_praxis.rs,factory/src/journey_praxis.rs,factory.html#q4/routines,,,"{""basis"": ""Source-recovered capability account; original verification limits retained in Markdown."", ""converted_from_sha256"": ""99e4e8737c1c481bcd25a49a0a02f21cf3c34d78041d709e58fc566a5da0bf20"", ""cli_commands"": [], ""cli_exposure"": {""kind"": ""library"", ""reason"": ""Journey praxis fitness has native code but no declared CLI command.""}, ""maintenance"": {""updated_at"": ""2026-09-08"", ""change_refs"": [""codex:thread:01a07608-d2ec-7b10-9713-74c445adf8a5"", ""../github-recovery-mirror/mirror/agent-system-design/issues/176.json"", ""reconcile:factory-pr-194"", ""https://github.com/EpiLogos/agent-system-design/pull/203""], ""code_basis"": {""factory/src/journey_praxis.rs"": ""b1b8a0208a09ac5227979a118e55d437806e9a02f09ac85c85b42c26fc16d7df""}}, ""last_reconciled_at"": ""2026-09-08T20:51:59.447156+00:00""}",
H0->H3,relation,suite-relations,H0,H3,[],,,,,agent-inference,O-I:docs/CANONICAL-PRODUCT-FIELD.md|QL-MEF#19(PR),,,,03:ground-development,L,"{""src_product"": ""Central"", ""dst_product"": ""Factory"", ""ql"": """", ""cf_view"": ""CF4"", ""seam"": ""03:ground-development"", ""defined_in"": ""O-I:docs/CANONICAL-PRODUCT-FIELD.md|QL-MEF#19(PR)"", ""tracked_by"": ""EpiLogos/O-I#29;EpiLogos/Central#24(PR);EpiLogos/agent-system-design#142(PR)"", ""maintenance"": {""updated_at"": ""2026-09-06"", ""change_refs"": [""codex:thread:01a07608-d2ec-7b10-9713-74c445adf8a5""]}, ""last_reconciled_at"": ""2026-09-06T14:30:24.173993+00:00""}",
H0->A3,relation,suite-relations,H0,A3,[],,,,,agent-inference,O-I:docs/CANONICAL-PRODUCT-FIELD.md|QL-MEF#19(PR),,,,03:ground-development,L,"{""src_product"": ""Central"", ""dst_product"": ""Factory"", ""ql"": """", ""cf_view"": ""CF4"", ""seam"": ""03:ground-development"", ""defined_in"": ""O-I:docs/CANONICAL-PRODUCT-FIELD.md|QL-MEF#19(PR)"", ""tracked_by"": ""EpiLogos/O-I#29;EpiLogos/Central#24(PR);EpiLogos/agent-system-design#142(PR)"", ""maintenance"": {""updated_at"": ""2026-09-06"", ""change_refs"": [""codex:thread:01a07608-d2ec-7b10-9713-74c445adf8a5""]}, ""last_reconciled_at"": ""2026-09-06T14:30:24.173993+00:00""}",
H1->H3,relation,suite-relations,H1,H3,[],,,,,agent-inference,O-I:docs/CANONICAL-PRODUCT-FIELD.md|QL-MEF#19(PR),,,,13:agency-development,S,"{""src_product"": ""Actuation"", ""dst_product"": ""Factory"", ""ql"": """", ""cf_view"": ""CF4"", ""seam"": ""13:agency-development"", ""defined_in"": ""O-I:docs/CANONICAL-PRODUCT-FIELD.md|QL-MEF#19(PR)"", ""tracked_by"": ""EpiLogos/O-I#29;EpiLogos/Actuation#1;EpiLogos/agent-system-design#142(PR)"", ""maintenance"": {""updated_at"": ""2026-09-06"", ""change_refs"": [""codex:thread:01a07608-d2ec-7b10-9713-74c445adf8a5""]}, ""last_reconciled_at"": ""2026-09-06T14:30:24.173993+00:00""}",
H1->A3,relation,suite-relations,H1,A3,[],,,,,agent-inference,O-I:docs/CANONICAL-PRODUCT-FIELD.md|QL-MEF#19(PR),,,,13:agency-development,S,"{""src_product"": ""Actuation"", ""dst_product"": ""Factory"", ""ql"": """", ""cf_view"": ""CF4"", ""seam"": ""13:agency-development"", ""defined_in"": ""O-I:docs/CANONICAL-PRODUCT-FIELD.md|QL-MEF#19(PR)"", ""tracked_by"": ""EpiLogos/O-I#29;EpiLogos/Actuation#1;EpiLogos/agent-system-design#142(PR)"", ""maintenance"": {""updated_at"": ""2026-09-06"", ""change_refs"": [""codex:thread:01a07608-d2ec-7b10-9713-74c445adf8a5""]}, ""last_reconciled_at"": ""2026-09-06T14:30:24.173993+00:00""}",
H2->H3,relation,suite-relations,H2,H3,[],,,,,agent-inference,O-I:docs/CANONICAL-PRODUCT-FIELD.md|QL-MEF#19(PR),,,,23:possibility-development,H,"{""src_product"": ""AIKit"", ""dst_product"": ""Factory"", ""ql"": ""A2|C3"", ""cf_view"": ""CF4"", ""seam"": ""23:possibility-development"", ""defined_in"": ""O-I:docs/CANONICAL-PRODUCT-FIELD.md|QL-MEF#19(PR)"", ""tracked_by"": ""EpiLogos/O-I#29;EpiLogos/ai-kit#58(PR);EpiLogos/agent-system-design#142(PR)"", ""maintenance"": {""updated_at"": ""2026-09-06"", ""change_refs"": [""codex:thread:01a07608-d2ec-7b10-9713-74c445adf8a5""]}, ""last_reconciled_at"": ""2026-09-06T14:30:24.173993+00:00""}",
H2->A3,relation,suite-relations,H2,A3,[],,,,,agent-inference,O-I:docs/CANONICAL-PRODUCT-FIELD.md|QL-MEF#19(PR),,,,23:possibility-development,H,"{""src_product"": ""AIKit"", ""dst_product"": ""Factory"", ""ql"": ""D2-transform|D2-complete"", ""cf_view"": ""CF4"", ""seam"": ""23:possibility-development"", ""defined_in"": ""O-I:docs/CANONICAL-PRODUCT-FIELD.md|QL-MEF#19(PR)"", ""tracked_by"": ""EpiLogos/O-I#29;EpiLogos/ai-kit#58(PR);EpiLogos/agent-system-design#142(PR)"", ""maintenance"": {""updated_at"": ""2026-09-06"", ""change_refs"": [""codex:thread:01a07608-d2ec-7b10-9713-74c445adf8a5""]}, ""last_reconciled_at"": ""2026-09-06T14:30:24.173993+00:00""}",
H3->H0,relation,suite-relations,H3,H0,[],,,,,agent-inference,O-I:docs/CANONICAL-PRODUCT-FIELD.md|QL-MEF#19(PR),,,,03:ground-development,L,"{""src_product"": ""Factory"", ""dst_product"": ""Central"", ""ql"": """", ""cf_view"": ""CF4"", ""seam"": ""03:ground-development"", ""defined_in"": ""O-I:docs/CANONICAL-PRODUCT-FIELD.md|QL-MEF#19(PR)"", ""tracked_by"": ""EpiLogos/O-I#29;EpiLogos/Central#24(PR);EpiLogos/agent-system-design#142(PR)"", ""maintenance"": {""updated_at"": ""2026-09-06"", ""change_refs"": [""codex:thread:01a07608-d2ec-7b10-9713-74c445adf8a5""]}, ""last_reconciled_at"": ""2026-09-06T14:30:24.173993+00:00""}",
H3->H1,relation,suite-relations,H3,H1,[],,,,,agent-inference,O-I:docs/CANONICAL-PRODUCT-FIELD.md|QL-MEF#19(PR),,,,13:agency-development,S,"{""src_product"": ""Factory"", ""dst_product"": ""Actuation"", ""ql"": """", ""cf_view"": ""CF4"", ""seam"": ""13:agency-development"", ""defined_in"": ""O-I:docs/CANONICAL-PRODUCT-FIELD.md|QL-MEF#19(PR)"", ""tracked_by"": ""EpiLogos/O-I#29;EpiLogos/Actuation#1;EpiLogos/agent-system-design#142(PR)"", ""maintenance"": {""updated_at"": ""2026-09-06"", ""change_refs"": [""codex:thread:01a07608-d2ec-7b10-9713-74c445adf8a5""]}, ""last_reconciled_at"": ""2026-09-06T14:30:24.173993+00:00""}",
H3->H2,relation,suite-relations,H3,H2,[],,,,,agent-inference,O-I:docs/CANONICAL-PRODUCT-FIELD.md|QL-MEF#19(PR),,,,23:possibility-development,H,"{""src_product"": ""Factory"", ""dst_product"": ""AIKit"", ""ql"": ""A2|C3"", ""cf_view"": ""CF4"", ""seam"": ""23:possibility-development"", ""defined_in"": ""O-I:docs/CANONICAL-PRODUCT-FIELD.md|QL-MEF#19(PR)"", ""tracked_by"": ""EpiLogos/O-I#29;EpiLogos/ai-kit#58(PR);EpiLogos/agent-system-design#142(PR)"", ""maintenance"": {""updated_at"": ""2026-09-06"", ""change_refs"": [""codex:thread:01a07608-d2ec-7b10-9713-74c445adf8a5""]}, ""last_reconciled_at"": ""2026-09-06T14:30:24.173993+00:00""}",
H3->H3,relation,suite-relations,H3,H3,[],,,,,agent-inference,O-I:docs/CANONICAL-PRODUCT-FIELD.md|QL-MEF#19(PR),,,,self:Factory,I,"{""src_product"": ""Factory"", ""dst_product"": ""Factory"", ""ql"": """", ""cf_view"": ""CF4"", ""seam"": ""self:Factory"", ""defined_in"": ""O-I:docs/CANONICAL-PRODUCT-FIELD.md|QL-MEF#19(PR)"", ""tracked_by"": ""EpiLogos/O-I#29;EpiLogos/agent-system-design#131(PR);EpiLogos/agent-system-design#142(PR)"", ""maintenance"": {""updated_at"": ""2026-09-06"", ""change_refs"": [""codex:thread:01a07608-d2ec-7b10-9713-74c445adf8a5""]}, ""last_reconciled_at"": ""2026-09-06T14:30:24.173993+00:00""}",
H3->H4,relation,suite-relations,H3,H4,[],,,,,agent-inference,O-I:docs/CANONICAL-PRODUCT-FIELD.md|QL-MEF#19(PR),,,,34:development-materialisation,H,"{""src_product"": ""Factory"", ""dst_product"": ""Workcell"", ""ql"": ""B2"", ""cf_view"": ""CF5-field"", ""seam"": ""34:development-materialisation"", ""defined_in"": ""O-I:docs/CANONICAL-PRODUCT-FIELD.md|QL-MEF#19(PR)"", ""tracked_by"": ""EpiLogos/O-I#29;EpiLogos/agent-system-design#142(PR);EpiLogos/Workcell#18(PR)"", ""maintenance"": {""updated_at"": ""2026-09-06"", ""change_refs"": [""codex:thread:01a07608-d2ec-7b10-9713-74c445adf8a5""]}, ""last_reconciled_at"": ""2026-09-06T14:30:24.173993+00:00""}",
H3->H5,relation,suite-relations,H3,H5,[],,,,,agent-inference,O-I:docs/CANONICAL-PRODUCT-FIELD.md|QL-MEF#19(PR),,,,35:development-ql,S,"{""src_product"": ""Factory"", ""dst_product"": ""QL"", ""ql"": """", ""cf_view"": """", ""seam"": ""35:development-ql"", ""defined_in"": ""O-I:docs/CANONICAL-PRODUCT-FIELD.md|QL-MEF#19(PR)"", ""tracked_by"": ""EpiLogos/O-I#29;EpiLogos/agent-system-design#132(PR);EpiLogos/QL-MEF#19(PR)"", ""maintenance"": {""updated_at"": ""2026-09-06"", ""change_refs"": [""codex:thread:01a07608-d2ec-7b10-9713-74c445adf8a5""]}, ""last_reconciled_at"": ""2026-09-06T14:30:24.173993+00:00""}",
H3->A0,relation,suite-relations,H3,A0,[],,,,,agent-inference,O-I:docs/CANONICAL-PRODUCT-FIELD.md|QL-MEF#19(PR),,,,03:ground-development,L,"{""src_product"": ""Factory"", ""dst_product"": ""Central"", ""ql"": """", ""cf_view"": ""CF4"", ""seam"": ""03:ground-development"", ""defined_in"": ""O-I:docs/CANONICAL-PRODUCT-FIELD.md|QL-MEF#19(PR)"", ""tracked_by"": ""EpiLogos/O-I#29;EpiLogos/Central#24(PR);EpiLogos/agent-system-design#142(PR)"", ""maintenance"": {""updated_at"": ""2026-09-06"", ""change_refs"": [""codex:thread:01a07608-d2ec-7b10-9713-74c445adf8a5""]}, ""last_reconciled_at"": ""2026-09-06T14:30:24.173993+00:00""}",
H3->A1,relation,suite-relations,H3,A1,[],,,,,agent-inference,O-I:docs/CANONICAL-PRODUCT-FIELD.md|QL-MEF#19(PR),,,,13:agency-development,S,"{""src_product"": ""Factory"", ""dst_product"": ""Actuation"", ""ql"": """", ""cf_view"": ""CF4"", ""seam"": ""13:agency-development"", ""defined_in"": ""O-I:docs/CANONICAL-PRODUCT-FIELD.md|QL-MEF#19(PR)"", ""tracked_by"": ""EpiLogos/O-I#29;EpiLogos/Actuation#1;EpiLogos/agent-system-design#142(PR)"", ""maintenance"": {""updated_at"": ""2026-09-06"", ""change_refs"": [""codex:thread:01a07608-d2ec-7b10-9713-74c445adf8a5""]}, ""last_reconciled_at"": ""2026-09-06T14:30:24.173993+00:00""}",
H3->A2,relation,suite-relations,H3,A2,[],,,,,agent-inference,O-I:docs/CANONICAL-PRODUCT-FIELD.md|QL-MEF#19(PR),,,,23:possibility-development,H,"{""src_product"": ""Factory"", ""dst_product"": ""AIKit"", ""ql"": ""D2-require|D2-complete"", ""cf_view"": ""CF4"", ""seam"": ""23:possibility-development"", ""defined_in"": ""O-I:docs/CANONICAL-PRODUCT-FIELD.md|QL-MEF#19(PR)"", ""tracked_by"": ""EpiLogos/O-I#29;EpiLogos/ai-kit#58(PR);EpiLogos/agent-system-design#142(PR)"", ""maintenance"": {""updated_at"": ""2026-09-06"", ""change_refs"": [""codex:thread:01a07608-d2ec-7b10-9713-74c445adf8a5""]}, ""last_reconciled_at"": ""2026-09-06T14:30:24.173993+00:00""}",
H3->A3,relation,suite-relations,H3,A3,[],,,,,agent-inference,O-I:docs/CANONICAL-PRODUCT-FIELD.md|QL-MEF#19(PR),,,,conjugation:Factory,H,"{""src_product"": ""Factory"", ""dst_product"": ""Factory"", ""ql"": ""D1"", ""cf_view"": ""CF4"", ""seam"": ""conjugation:Factory"", ""defined_in"": ""O-I:docs/CANONICAL-PRODUCT-FIELD.md|QL-MEF#19(PR)"", ""tracked_by"": ""EpiLogos/O-I#29;EpiLogos/agent-system-design#131(PR);EpiLogos/agent-system-design#142(PR)"", ""maintenance"": {""updated_at"": ""2026-09-06"", ""change_refs"": [""codex:thread:01a07608-d2ec-7b10-9713-74c445adf8a5""]}, ""last_reconciled_at"": ""2026-09-06T14:30:24.173993+00:00""}",
H3->A4,relation,suite-relations,H3,A4,[],,,,,agent-inference,O-I:docs/CANONICAL-PRODUCT-FIELD.md|QL-MEF#19(PR),,,,34:development-materialisation,H,"{""src_product"": ""Factory"", ""dst_product"": ""Workcell"", ""ql"": ""D2-transform"", ""cf_view"": ""CF5-field"", ""seam"": ""34:development-materialisation"", ""defined_in"": ""O-I:docs/CANONICAL-PRODUCT-FIELD.md|QL-MEF#19(PR)"", ""tracked_by"": ""EpiLogos/O-I#29;EpiLogos/agent-system-design#142(PR);EpiLogos/Workcell#18(PR)"", ""maintenance"": {""updated_at"": ""2026-09-06"", ""change_refs"": [""codex:thread:01a07608-d2ec-7b10-9713-74c445adf8a5""]}, ""last_reconciled_at"": ""2026-09-06T14:30:24.173993+00:00""}",
H3->A5,relation,suite-relations,H3,A5,[],,,,,agent-inference,O-I:docs/CANONICAL-PRODUCT-FIELD.md|QL-MEF#19(PR),,,,35:development-ql,S,"{""src_product"": ""Factory"", ""dst_product"": ""QL"", ""ql"": """", ""cf_view"": """", ""seam"": ""35:development-ql"", ""defined_in"": ""O-I:docs/CANONICAL-PRODUCT-FIELD.md|QL-MEF#19(PR)"", ""tracked_by"": ""EpiLogos/O-I#29;EpiLogos/agent-system-design#132(PR);EpiLogos/QL-MEF#19(PR)"", ""maintenance"": {""updated_at"": ""2026-09-06"", ""change_refs"": [""codex:thread:01a07608-d2ec-7b10-9713-74c445adf8a5""]}, ""last_reconciled_at"": ""2026-09-06T14:30:24.173993+00:00""}",
H4->H3,relation,suite-relations,H4,H3,[],,,,,agent-inference,O-I:docs/CANONICAL-PRODUCT-FIELD.md|QL-MEF#19(PR),,,,34:development-materialisation,H,"{""src_product"": ""Workcell"", ""dst_product"": ""Factory"", ""ql"": ""B2"", ""cf_view"": ""CF5-field"", ""seam"": ""34:development-materialisation"", ""defined_in"": ""O-I:docs/CANONICAL-PRODUCT-FIELD.md|QL-MEF#19(PR)"", ""tracked_by"": ""EpiLogos/O-I#29;EpiLogos/agent-system-design#142(PR);EpiLogos/Workcell#18(PR)"", ""maintenance"": {""updated_at"": ""2026-09-06"", ""change_refs"": [""codex:thread:01a07608-d2ec-7b10-9713-74c445adf8a5""]}, ""last_reconciled_at"": ""2026-09-06T14:30:24.173993+00:00""}",
H4->A3,relation,suite-relations,H4,A3,[],,,,,agent-inference,O-I:docs/CANONICAL-PRODUCT-FIELD.md|QL-MEF#19(PR),,,,34:development-materialisation,H,"{""src_product"": ""Workcell"", ""dst_product"": ""Factory"", ""ql"": ""D2-require"", ""cf_view"": ""CF5-field"", ""seam"": ""34:development-materialisation"", ""defined_in"": ""O-I:docs/CANONICAL-PRODUCT-FIELD.md|QL-MEF#19(PR)"", ""tracked_by"": ""EpiLogos/O-I#29;EpiLogos/agent-system-design#142(PR);EpiLogos/Workcell#18(PR)"", ""maintenance"": {""updated_at"": ""2026-09-06"", ""change_refs"": [""codex:thread:01a07608-d2ec-7b10-9713-74c445adf8a5""]}, ""last_reconciled_at"": ""2026-09-06T14:30:24.173993+00:00""}",
H5->H3,relation,suite-relations,H5,H3,[],,,,,agent-inference,O-I:docs/CANONICAL-PRODUCT-FIELD.md|QL-MEF#19(PR),,,,35:development-ql,S,"{""src_product"": ""QL"", ""dst_product"": ""Factory"", ""ql"": """", ""cf_view"": """", ""seam"": ""35:development-ql"", ""defined_in"": ""O-I:docs/CANONICAL-PRODUCT-FIELD.md|QL-MEF#19(PR)"", ""tracked_by"": ""EpiLogos/O-I#29;EpiLogos/agent-system-design#132(PR);EpiLogos/QL-MEF#19(PR)"", ""maintenance"": {""updated_at"": ""2026-09-06"", ""change_refs"": [""codex:thread:01a07608-d2ec-7b10-9713-74c445adf8a5""]}, ""last_reconciled_at"": ""2026-09-06T14:30:24.173993+00:00""}",
H5->A3,relation,suite-relations,H5,A3,[],,,,,agent-inference,O-I:docs/CANONICAL-PRODUCT-FIELD.md|QL-MEF#19(PR),,,,35:development-ql,S,"{""src_product"": ""QL"", ""dst_product"": ""Factory"", ""ql"": """", ""cf_view"": """", ""seam"": ""35:development-ql"", ""defined_in"": ""O-I:docs/CANONICAL-PRODUCT-FIELD.md|QL-MEF#19(PR)"", ""tracked_by"": ""EpiLogos/O-I#29;EpiLogos/agent-system-design#132(PR);EpiLogos/QL-MEF#19(PR)"", ""maintenance"": {""updated_at"": ""2026-09-06"", ""change_refs"": [""codex:thread:01a07608-d2ec-7b10-9713-74c445adf8a5""]}, ""last_reconciled_at"": ""2026-09-06T14:30:24.173993+00:00""}",
A0->H3,relation,suite-relations,A0,H3,[],,,,,agent-inference,O-I:docs/CANONICAL-PRODUCT-FIELD.md|QL-MEF#19(PR),,,,03:ground-development,L,"{""src_product"": ""Central"", ""dst_product"": ""Factory"", ""ql"": """", ""cf_view"": ""CF4"", ""seam"": ""03:ground-development"", ""defined_in"": ""O-I:docs/CANONICAL-PRODUCT-FIELD.md|QL-MEF#19(PR)"", ""tracked_by"": ""EpiLogos/O-I#29;EpiLogos/Central#24(PR);EpiLogos/agent-system-design#142(PR)"", ""maintenance"": {""updated_at"": ""2026-09-06"", ""change_refs"": [""codex:thread:01a07608-d2ec-7b10-9713-74c445adf8a5""]}, ""last_reconciled_at"": ""2026-09-06T14:30:24.173993+00:00""}",
A0->A3,relation,suite-relations,A0,A3,[],,,,,agent-inference,O-I:docs/CANONICAL-PRODUCT-FIELD.md|QL-MEF#19(PR),,,,03:ground-development,L,"{""src_product"": ""Central"", ""dst_product"": ""Factory"", ""ql"": """", ""cf_view"": ""CF4"", ""seam"": ""03:ground-development"", ""defined_in"": ""O-I:docs/CANONICAL-PRODUCT-FIELD.md|QL-MEF#19(PR)"", ""tracked_by"": ""EpiLogos/O-I#29;EpiLogos/Central#24(PR);EpiLogos/agent-system-design#142(PR)"", ""maintenance"": {""updated_at"": ""2026-09-06"", ""change_refs"": [""codex:thread:01a07608-d2ec-7b10-9713-74c445adf8a5""]}, ""last_reconciled_at"": ""2026-09-06T14:30:24.173993+00:00""}",
A1->H3,relation,suite-relations,A1,H3,[],,,,,agent-inference,O-I:docs/CANONICAL-PRODUCT-FIELD.md|QL-MEF#19(PR),,,,13:agency-development,S,"{""src_product"": ""Actuation"", ""dst_product"": ""Factory"", ""ql"": """", ""cf_view"": ""CF4"", ""seam"": ""13:agency-development"", ""defined_in"": ""O-I:docs/CANONICAL-PRODUCT-FIELD.md|QL-MEF#19(PR)"", ""tracked_by"": ""EpiLogos/O-I#29;EpiLogos/Actuation#1;EpiLogos/agent-system-design#142(PR)"", ""maintenance"": {""updated_at"": ""2026-09-06"", ""change_refs"": [""codex:thread:01a07608-d2ec-7b10-9713-74c445adf8a5""]}, ""last_reconciled_at"": ""2026-09-06T14:30:24.173993+00:00""}",
A1->A3,relation,suite-relations,A1,A3,[],,,,,agent-inference,O-I:docs/CANONICAL-PRODUCT-FIELD.md|QL-MEF#19(PR),,,,13:agency-development,S,"{""src_product"": ""Actuation"", ""dst_product"": ""Factory"", ""ql"": """", ""cf_view"": ""CF4"", ""seam"": ""13:agency-development"", ""defined_in"": ""O-I:docs/CANONICAL-PRODUCT-FIELD.md|QL-MEF#19(PR)"", ""tracked_by"": ""EpiLogos/O-I#29;EpiLogos/Actuation#1;EpiLogos/agent-system-design#142(PR)"", ""maintenance"": {""updated_at"": ""2026-09-06"", ""change_refs"": [""codex:thread:01a07608-d2ec-7b10-9713-74c445adf8a5""]}, ""last_reconciled_at"": ""2026-09-06T14:30:24.173993+00:00""}",
A2->H3,relation,suite-relations,A2,H3,[],,,,,agent-inference,O-I:docs/CANONICAL-PRODUCT-FIELD.md|QL-MEF#19(PR),,,,23:possibility-development,H,"{""src_product"": ""AIKit"", ""dst_product"": ""Factory"", ""ql"": ""D2-require.inverse|D2-complete.inverse"", ""cf_view"": ""CF4"", ""seam"": ""23:possibility-development"", ""defined_in"": ""O-I:docs/CANONICAL-PRODUCT-FIELD.md|QL-MEF#19(PR)"", ""tracked_by"": ""EpiLogos/O-I#29;EpiLogos/ai-kit#58(PR);EpiLogos/agent-system-design#142(PR)"", ""maintenance"": {""updated_at"": ""2026-09-06"", ""change_refs"": [""codex:thread:01a07608-d2ec-7b10-9713-74c445adf8a5""]}, ""last_reconciled_at"": ""2026-09-06T14:30:24.173993+00:00""}",
A2->A3,relation,suite-relations,A2,A3,[],,,,,agent-inference,O-I:docs/CANONICAL-PRODUCT-FIELD.md|QL-MEF#19(PR),,,,23:possibility-development,H,"{""src_product"": ""AIKit"", ""dst_product"": ""Factory"", ""ql"": ""D3:A2|D3:C3"", ""cf_view"": ""CF4"", ""seam"": ""23:possibility-development"", ""defined_in"": ""O-I:docs/CANONICAL-PRODUCT-FIELD.md|QL-MEF#19(PR)"", ""tracked_by"": ""EpiLogos/O-I#29;EpiLogos/ai-kit#58(PR);EpiLogos/agent-system-design#142(PR)"", ""maintenance"": {""updated_at"": ""2026-09-06"", ""change_refs"": [""codex:thread:01a07608-d2ec-7b10-9713-74c445adf8a5""]}, ""last_reconciled_at"": ""2026-09-06T14:30:24.173993+00:00""}",
A3->H0,relation,suite-relations,A3,H0,[],,,,,agent-inference,O-I:docs/CANONICAL-PRODUCT-FIELD.md|QL-MEF#19(PR),,,,03:ground-development,L,"{""src_product"": ""Factory"", ""dst_product"": ""Central"", ""ql"": """", ""cf_view"": ""CF4"", ""seam"": ""03:ground-development"", ""defined_in"": ""O-I:docs/CANONICAL-PRODUCT-FIELD.md|QL-MEF#19(PR)"", ""tracked_by"": ""EpiLogos/O-I#29;EpiLogos/Central#24(PR);EpiLogos/agent-system-design#142(PR)"", ""maintenance"": {""updated_at"": ""2026-09-06"", ""change_refs"": [""codex:thread:01a07608-d2ec-7b10-9713-74c445adf8a5""]}, ""last_reconciled_at"": ""2026-09-06T14:30:24.173993+00:00""}",
A3->H1,relation,suite-relations,A3,H1,[],,,,,agent-inference,O-I:docs/CANONICAL-PRODUCT-FIELD.md|QL-MEF#19(PR),,,,13:agency-development,S,"{""src_product"": ""Factory"", ""dst_product"": ""Actuation"", ""ql"": """", ""cf_view"": ""CF4"", ""seam"": ""13:agency-development"", ""defined_in"": ""O-I:docs/CANONICAL-PRODUCT-FIELD.md|QL-MEF#19(PR)"", ""tracked_by"": ""EpiLogos/O-I#29;EpiLogos/Actuation#1;EpiLogos/agent-system-design#142(PR)"", ""maintenance"": {""updated_at"": ""2026-09-06"", ""change_refs"": [""codex:thread:01a07608-d2ec-7b10-9713-74c445adf8a5""]}, ""last_reconciled_at"": ""2026-09-06T14:30:24.173993+00:00""}",
A3->H2,relation,suite-relations,A3,H2,[],,,,,agent-inference,O-I:docs/CANONICAL-PRODUCT-FIELD.md|QL-MEF#19(PR),,,,23:possibility-development,H,"{""src_product"": ""Factory"", ""dst_product"": ""AIKit"", ""ql"": ""D2-transform.inverse|D2-complete.inverse"", ""cf_view"": ""CF4"", ""seam"": ""23:possibility-development"", ""defined_in"": ""O-I:docs/CANONICAL-PRODUCT-FIELD.md|QL-MEF#19(PR)"", ""tracked_by"": ""EpiLogos/O-I#29;EpiLogos/ai-kit#58(PR);EpiLogos/agent-system-design#142(PR)"", ""maintenance"": {""updated_at"": ""2026-09-06"", ""change_refs"": [""codex:thread:01a07608-d2ec-7b10-9713-74c445adf8a5""]}, ""last_reconciled_at"": ""2026-09-06T14:30:24.173993+00:00""}",
A3->H3,relation,suite-relations,A3,H3,[],,,,,agent-inference,O-I:docs/CANONICAL-PRODUCT-FIELD.md|QL-MEF#19(PR),,,,conjugation:Factory,H,"{""src_product"": ""Factory"", ""dst_product"": ""Factory"", ""ql"": ""D1.inverse"", ""cf_view"": ""CF4"", ""seam"": ""conjugation:Factory"", ""defined_in"": ""O-I:docs/CANONICAL-PRODUCT-FIELD.md|QL-MEF#19(PR)"", ""tracked_by"": ""EpiLogos/O-I#29;EpiLogos/agent-system-design#131(PR);EpiLogos/agent-system-design#142(PR)"", ""maintenance"": {""updated_at"": ""2026-09-06"", ""change_refs"": [""codex:thread:01a07608-d2ec-7b10-9713-74c445adf8a5""]}, ""last_reconciled_at"": ""2026-09-06T14:30:24.173993+00:00""}",
A3->H4,relation,suite-relations,A3,H4,[],,,,,agent-inference,O-I:docs/CANONICAL-PRODUCT-FIELD.md|QL-MEF#19(PR),,,,34:development-materialisation,H,"{""src_product"": ""Factory"", ""dst_product"": ""Workcell"", ""ql"": ""D2-require.inverse"", ""cf_view"": ""CF5-field"", ""seam"": ""34:development-materialisation"", ""defined_in"": ""O-I:docs/CANONICAL-PRODUCT-FIELD.md|QL-MEF#19(PR)"", ""tracked_by"": ""EpiLogos/O-I#29;EpiLogos/agent-system-design#142(PR);EpiLogos/Workcell#18(PR)"", ""maintenance"": {""updated_at"": ""2026-09-06"", ""change_refs"": [""codex:thread:01a07608-d2ec-7b10-9713-74c445adf8a5""]}, ""last_reconciled_at"": ""2026-09-06T14:30:24.173993+00:00""}",
A3->H5,relation,suite-relations,A3,H5,[],,,,,agent-inference,O-I:docs/CANONICAL-PRODUCT-FIELD.md|QL-MEF#19(PR),,,,35:development-ql,S,"{""src_product"": ""Factory"", ""dst_product"": ""QL"", ""ql"": """", ""cf_view"": """", ""seam"": ""35:development-ql"", ""defined_in"": ""O-I:docs/CANONICAL-PRODUCT-FIELD.md|QL-MEF#19(PR)"", ""tracked_by"": ""EpiLogos/O-I#29;EpiLogos/agent-system-design#132(PR);EpiLogos/QL-MEF#19(PR)"", ""maintenance"": {""updated_at"": ""2026-09-06"", ""change_refs"": [""codex:thread:01a07608-d2ec-7b10-9713-74c445adf8a5""]}, ""last_reconciled_at"": ""2026-09-06T14:30:24.173993+00:00""}",
A3->A0,relation,suite-relations,A3,A0,[],,,,,agent-inference,O-I:docs/CANONICAL-PRODUCT-FIELD.md|QL-MEF#19(PR),,,,03:ground-development,L,"{""src_product"": ""Factory"", ""dst_product"": ""Central"", ""ql"": """", ""cf_view"": ""CF4"", ""seam"": ""03:ground-development"", ""defined_in"": ""O-I:docs/CANONICAL-PRODUCT-FIELD.md|QL-MEF#19(PR)"", ""tracked_by"": ""EpiLogos/O-I#29;EpiLogos/Central#24(PR);EpiLogos/agent-system-design#142(PR)"", ""maintenance"": {""updated_at"": ""2026-09-06"", ""change_refs"": [""codex:thread:01a07608-d2ec-7b10-9713-74c445adf8a5""]}, ""last_reconciled_at"": ""2026-09-06T14:30:24.173993+00:00""}",
A3->A1,relation,suite-relations,A3,A1,[],,,,,agent-inference,O-I:docs/CANONICAL-PRODUCT-FIELD.md|QL-MEF#19(PR),,,,13:agency-development,S,"{""src_product"": ""Factory"", ""dst_product"": ""Actuation"", ""ql"": """", ""cf_view"": ""CF4"", ""seam"": ""13:agency-development"", ""defined_in"": ""O-I:docs/CANONICAL-PRODUCT-FIELD.md|QL-MEF#19(PR)"", ""tracked_by"": ""EpiLogos/O-I#29;EpiLogos/Actuation#1;EpiLogos/agent-system-design#142(PR)"", ""maintenance"": {""updated_at"": ""2026-09-06"", ""change_refs"": [""codex:thread:01a07608-d2ec-7b10-9713-74c445adf8a5""]}, ""last_reconciled_at"": ""2026-09-06T14:30:24.173993+00:00""}",
A3->A2,relation,suite-relations,A3,A2,[],,,,,agent-inference,O-I:docs/CANONICAL-PRODUCT-FIELD.md|QL-MEF#19(PR),,,,23:possibility-development,H,"{""src_product"": ""Factory"", ""dst_product"": ""AIKit"", ""ql"": ""D3:A2|D3:C3"", ""cf_view"": ""CF4"", ""seam"": ""23:possibility-development"", ""defined_in"": ""O-I:docs/CANONICAL-PRODUCT-FIELD.md|QL-MEF#19(PR)"", ""tracked_by"": ""EpiLogos/O-I#29;EpiLogos/ai-kit#58(PR);EpiLogos/agent-system-design#142(PR)"", ""maintenance"": {""updated_at"": ""2026-09-06"", ""change_refs"": [""codex:thread:01a07608-d2ec-7b10-9713-74c445adf8a5""]}, ""last_reconciled_at"": ""2026-09-06T14:30:24.173993+00:00""}",
A3->A3,relation,suite-relations,A3,A3,[],,,,,agent-inference,O-I:docs/CANONICAL-PRODUCT-FIELD.md|QL-MEF#19(PR),,,,self:Factory,I,"{""src_product"": ""Factory"", ""dst_product"": ""Factory"", ""ql"": """", ""cf_view"": ""CF4"", ""seam"": ""self:Factory"", ""defined_in"": ""O-I:docs/CANONICAL-PRODUCT-FIELD.md|QL-MEF#19(PR)"", ""tracked_by"": ""EpiLogos/O-I#29;EpiLogos/agent-system-design#131(PR);EpiLogos/agent-system-design#142(PR)"", ""maintenance"": {""updated_at"": ""2026-09-06"", ""change_refs"": [""codex:thread:01a07608-d2ec-7b10-9713-74c445adf8a5""]}, ""last_reconciled_at"": ""2026-09-06T14:30:24.173993+00:00""}",
A3->A4,relation,suite-relations,A3,A4,[],,,,,agent-inference,O-I:docs/CANONICAL-PRODUCT-FIELD.md|QL-MEF#19(PR),,,,34:development-materialisation,H,"{""src_product"": ""Factory"", ""dst_product"": ""Workcell"", ""ql"": ""D3:B2"", ""cf_view"": ""CF5-field"", ""seam"": ""34:development-materialisation"", ""defined_in"": ""O-I:docs/CANONICAL-PRODUCT-FIELD.md|QL-MEF#19(PR)"", ""tracked_by"": ""EpiLogos/O-I#29;EpiLogos/agent-system-design#142(PR);EpiLogos/Workcell#18(PR)"", ""maintenance"": {""updated_at"": ""2026-09-06"", ""change_refs"": [""codex:thread:01a07608-d2ec-7b10-9713-74c445adf8a5""]}, ""last_reconciled_at"": ""2026-09-06T14:30:24.173993+00:00""}",
A3->A5,relation,suite-relations,A3,A5,[],,,,,agent-inference,O-I:docs/CANONICAL-PRODUCT-FIELD.md|QL-MEF#19(PR),,,,35:development-ql,S,"{""src_product"": ""Factory"", ""dst_product"": ""QL"", ""ql"": """", ""cf_view"": """", ""seam"": ""35:development-ql"", ""defined_in"": ""O-I:docs/CANONICAL-PRODUCT-FIELD.md|QL-MEF#19(PR)"", ""tracked_by"": ""EpiLogos/O-I#29;EpiLogos/agent-system-design#132(PR);EpiLogos/QL-MEF#19(PR)"", ""maintenance"": {""updated_at"": ""2026-09-06"", ""change_refs"": [""codex:thread:01a07608-d2ec-7b10-9713-74c445adf8a5""]}, ""last_reconciled_at"": ""2026-09-06T14:30:24.173993+00:00""}",
A4->H3,relation,suite-relations,A4,H3,[],,,,,agent-inference,O-I:docs/CANONICAL-PRODUCT-FIELD.md|QL-MEF#19(PR),,,,34:development-materialisation,H,"{""src_product"": ""Workcell"", ""dst_product"": ""Factory"", ""ql"": ""D2-transform.inverse"", ""cf_view"": ""CF5-field"", ""seam"": ""34:development-materialisation"", ""defined_in"": ""O-I:docs/CANONICAL-PRODUCT-FIELD.md|QL-MEF#19(PR)"", ""tracked_by"": ""EpiLogos/O-I#29;EpiLogos/agent-system-design#142(PR);EpiLogos/Workcell#18(PR)"", ""maintenance"": {""updated_at"": ""2026-09-06"", ""change_refs"": [""codex:thread:01a07608-d2ec-7b10-9713-74c445adf8a5""]}, ""last_reconciled_at"": ""2026-09-06T14:30:24.173993+00:00""}",
A4->A3,relation,suite-relations,A4,A3,[],,,,,agent-inference,O-I:docs/CANONICAL-PRODUCT-FIELD.md|QL-MEF#19(PR),,,,34:development-materialisation,H,"{""src_product"": ""Workcell"", ""dst_product"": ""Factory"", ""ql"": ""D3:B2"", ""cf_view"": ""CF5-field"", ""seam"": ""34:development-materialisation"", ""defined_in"": ""O-I:docs/CANONICAL-PRODUCT-FIELD.md|QL-MEF#19(PR)"", ""tracked_by"": ""EpiLogos/O-I#29;EpiLogos/agent-system-design#142(PR);EpiLogos/Workcell#18(PR)"", ""maintenance"": {""updated_at"": ""2026-09-06"", ""change_refs"": [""codex:thread:01a07608-d2ec-7b10-9713-74c445adf8a5""]}, ""last_reconciled_at"": ""2026-09-06T14:30:24.173993+00:00""}",
A5->H3,relation,suite-relations,A5,H3,[],,,,,agent-inference,O-I:docs/CANONICAL-PRODUCT-FIELD.md|QL-MEF#19(PR),,,,35:development-ql,S,"{""src_product"": ""QL"", ""dst_product"": ""Factory"", ""ql"": """", ""cf_view"": """", ""seam"": ""35:development-ql"", ""defined_in"": ""O-I:docs/CANONICAL-PRODUCT-FIELD.md|QL-MEF#19(PR)"", ""tracked_by"": ""EpiLogos/O-I#29;EpiLogos/agent-system-design#132(PR);EpiLogos/QL-MEF#19(PR)"", ""maintenance"": {""updated_at"": ""2026-09-06"", ""change_refs"": [""codex:thread:01a07608-d2ec-7b10-9713-74c445adf8a5""]}, ""last_reconciled_at"": ""2026-09-06T14:30:24.173993+00:00""}",
A5->A3,relation,suite-relations,A5,A3,[],,,,,agent-inference,O-I:docs/CANONICAL-PRODUCT-FIELD.md|QL-MEF#19(PR),,,,35:development-ql,S,"{""src_product"": ""QL"", ""dst_product"": ""Factory"", ""ql"": """", ""cf_view"": """", ""seam"": ""35:development-ql"", ""defined_in"": ""O-I:docs/CANONICAL-PRODUCT-FIELD.md|QL-MEF#19(PR)"", ""tracked_by"": ""EpiLogos/O-I#29;EpiLogos/agent-system-design#132(PR);EpiLogos/QL-MEF#19(PR)"", ""maintenance"": {""updated_at"": ""2026-09-06"", ""change_refs"": [""codex:thread:01a07608-d2ec-7b10-9713-74c445adf8a5""]}, ""last_reconciled_at"": ""2026-09-06T14:30:24.173993+00:00""}",
rel.factory.q0.S,relation,product-field,q0,S,"[""cap.factory.structural-ground""]",,,,,agent-inference,ProjectCentral/user/factory.html#whole-why,,,factory.html#whole/why,"Agentic development can produce working changes while losing the purpose and experience that made them worth asking for. Factory exists to carry human intention through development and returned reality, freeing the person from repeated orientation and mechanical supervision while preserving consequential judgment.",,"{""basis"": ""Exact overview seed text. Capability links follow their existing governing expanded account units; cell placement is editorial inference."", ""seed_ref"": ""factory:seed:q0"", ""source_unit"": ""whole-why"", ""seed_sha256"": ""c5fc7b2673bf4788d30cf51e972372ca6e078910483cf73fa755b81a3f2f12b2"", ""source_standing"": ""agent-inference"", ""reconciled_change_ref"": ""codex:thread:01a07608-d2ec-7b10-9713-74c445adf8a5"", ""maintenance"": {""updated_at"": ""2026-09-06"", ""change_refs"": [""codex:thread:01a07608-d2ec-7b10-9713-74c445adf8a5""]}, ""last_reconciled_at"": ""2026-09-06T14:30:24.173993+00:00""}",Why?
rel.factory.q1.S,relation,product-field,q1,S,"[""cap.factory.native-cli"", ""cap.factory.build-reading"", ""cap.factory.journey-continuity"", ""cap.factory.run-map"", ""cap.factory.build-evidence""]",,,,,agent-inference,ProjectCentral/user/factory.html#whole-what,,,factory.html#whole/what,"Software Factory is a native development system with a Rust semantic core, a factory command surface and a Build presentation. It relates Projects, continuing Journeys, bounded Runs, Claims, Evidence, Decisions and Candidates so an intended transformation remains inspectable across sessions, tools and material environments.",,"{""basis"": ""Exact overview seed text. Capability links follow their existing governing expanded account units; cell placement is editorial inference."", ""seed_ref"": ""factory:seed:q1"", ""source_unit"": ""whole-what"", ""seed_sha256"": ""2adb57515414fc8f670ae6cf8b9df2f3abeadc4b8a49c3af36a6236679605e88"", ""source_standing"": ""agent-inference"", ""reconciled_change_ref"": ""codex:thread:01a07608-d2ec-7b10-9713-74c445adf8a5"", ""maintenance"": {""updated_at"": ""2026-09-06"", ""change_refs"": [""codex:thread:01a07608-d2ec-7b10-9713-74c445adf8a5""]}, ""last_reconciled_at"": ""2026-09-06T14:30:24.173993+00:00""}",What?
rel.factory.q2.S,relation,product-field,q2,S,"[""cap.factory.journey-commission"", ""cap.factory.bounded-intent"", ""cap.factory.git-development"", ""cap.factory.intent-return"", ""cap.factory.request-evidence"", ""cap.factory.owner-return""]",,,,,agent-inference,ProjectCentral/user/factory.html#whole-how,,,factory.html#whole/how,"Start from the Project’s recognised purpose and a concrete intended difference. Recover the required source and conditions, carry out bounded development, make the resulting Candidate and Evidence encounterable, and return through Recognition or revision. Keep the exact intent, context, execution and evidence relations throughout.",,"{""basis"": ""Exact overview seed text. Capability links follow their existing governing expanded account units; cell placement is editorial inference."", ""seed_ref"": ""factory:seed:q2"", ""source_unit"": ""whole-how"", ""seed_sha256"": ""57f98a054ee00a34b1404d916c651f9a6fb9c1de4b9e323801d58bd3c6377491"", ""source_standing"": ""agent-inference"", ""reconciled_change_ref"": ""codex:thread:01a07608-d2ec-7b10-9713-74c445adf8a5"", ""maintenance"": {""updated_at"": ""2026-09-06"", ""change_refs"": [""codex:thread:01a07608-d2ec-7b10-9713-74c445adf8a5""]}, ""last_reconciled_at"": ""2026-09-06T14:30:24.173993+00:00""}",How?
rel.factory.q3.S,relation,product-field,q3,S,"[""cap.factory.cognitive-reading"", ""cap.factory.praxis-condition"", ""cap.factory.action-projection"", ""cap.factory.run-thought""]",,,,,agent-inference,ProjectCentral/user/factory.html#whole-whereby,,,factory.html#whole/whereby,"The person or authorised governing locus determines consequential direction and recognises outcomes. Agents and AgentSets carry Journeys through bounded Runs. Factory supplies developmental continuity; Actuation supplies authority, AIKit the operative context and body, Workcell material execution, and Central durable source ground.",,"{""basis"": ""Exact overview seed text. Capability links follow their existing governing expanded account units; cell placement is editorial inference."", ""seed_ref"": ""factory:seed:q3"", ""source_unit"": ""whole-whereby"", ""seed_sha256"": ""52ca82a7c392196d52e9edf26966ba7751cd894be01bc5a8f13d58793eba4ac2"", ""source_standing"": ""agent-inference"", ""reconciled_change_ref"": ""codex:thread:01a07608-d2ec-7b10-9713-74c445adf8a5"", ""maintenance"": {""updated_at"": ""2026-09-06"", ""change_refs"": [""codex:thread:01a07608-d2ec-7b10-9713-74c445adf8a5""]}, ""last_reconciled_at"": ""2026-09-06T14:30:24.173993+00:00""}",Who / Whereby?
rel.factory.q4.S,relation,product-field,q4,S,"[""cap.factory.development-persistence"", ""cap.factory.praxis-fitness""]",,,,,agent-inference,ProjectCentral/user/factory.html#whole-context,,,factory.html#whole/context,"Factory operates where software development needs continuity beyond a terminal or conversation. A Journey can span Runs and absences; a Run keeps its identity across execution changes. Native CLI, Build and external projections read the same developmental subjects. Ordinary projects remain valid without a special ontology or QL runtime.",,"{""basis"": ""Exact overview seed text. Capability links follow their existing governing expanded account units; cell placement is editorial inference."", ""seed_ref"": ""factory:seed:q4"", ""source_unit"": ""whole-context"", ""seed_sha256"": ""d11fa2c433bf3c28eb4aba45f33627584afaf5cba3c87ad0bf5146ee492f0467"", ""source_standing"": ""agent-inference"", ""reconciled_change_ref"": ""codex:thread:01a07608-d2ec-7b10-9713-74c445adf8a5"", ""maintenance"": {""updated_at"": ""2026-09-06"", ""change_refs"": [""codex:thread:01a07608-d2ec-7b10-9713-74c445adf8a5""]}, ""last_reconciled_at"": ""2026-09-06T14:30:24.173993+00:00""}",Where / When?
rel.factory.q5.S,relation,product-field,q5,S,[],,,,,agent-inference,ProjectCentral/user/factory.html#whole-purpose,,,factory.html#whole/purpose,"Success means a person can commission meaningful work, leave routine development to capable collaborators, and return to a clear result or consequential decision. The Project retains why its reality changed and what it learned. Evidence can improve implementation, methods or intention through the owner responsible for each.",,"{""basis"": ""Exact overview seed text. Capability links follow their existing governing expanded account units; cell placement is editorial inference."", ""seed_ref"": ""factory:seed:q5"", ""source_unit"": ""whole-purpose"", ""seed_sha256"": ""521f80aaca94d8145ab65b945cc6cce65817a9a5f88045953fc356eebe563476"", ""source_standing"": ""agent-inference"", ""reconciled_change_ref"": ""codex:thread:01a07608-d2ec-7b10-9713-74c445adf8a5"", ""maintenance"": {""updated_at"": ""2026-09-06"", ""change_refs"": [""codex:thread:01a07608-d2ec-7b10-9713-74c445adf8a5""]}, ""last_reconciled_at"": ""2026-09-06T14:30:24.173993+00:00""}",Why-For?
rel.factory.q4.S0,relation,product-field,q4,S0,"[""cap.factory.praxis-fitness""]",,,,,agent-inference,ProjectCentral/user/factory.html#q4-routines,,,factory.html#q4/routines,AIKit owns operative Method/Routine resolution and provider handoff; Central owns saved profile source; Workcell supplies material scheduling conditions.,,"{""basis"": ""Exact account sentence; cell placement is editorial inference."", ""source_unit"": ""q4-routines"", ""maintenance"": {""updated_at"": ""2026-09-06"", ""change_refs"": [""codex:thread:01a07608-d2ec-7b10-9713-74c445adf8a5""]}, ""last_reconciled_at"": ""2026-09-06T14:30:24.173993+00:00""}",
rel.factory.q3.S1,relation,product-field,q3,S1,"[""cap.factory.praxis-condition""]",,,,,agent-inference,ProjectCentral/user/factory.html#q3-owners,,,factory.html#q3/owners,"AIKit resolves the operative context, knowledge and praxis; Actuation determines situated Agency and authority; Workcell supplies material execution and lifecycle.",,"{""basis"": ""Exact account sentence; cell placement is editorial inference."", ""source_unit"": ""q3-owners"", ""maintenance"": {""updated_at"": ""2026-09-06"", ""change_refs"": [""codex:thread:01a07608-d2ec-7b10-9713-74c445adf8a5""]}, ""last_reconciled_at"": ""2026-09-06T14:30:24.173993+00:00""}",
rel.factory.q2.S2,relation,product-field,q2,S2,"[""cap.factory.bounded-intent"", ""cap.factory.git-development"", ""cap.factory.intent-return""]",,,,,agent-inference,ProjectCentral/user/factory.html#q2-implement,,,factory.html#q2/implement,"The entering Agent reads the relevant intent source, success conditions and exact AIKit ContextResolution reference.",,"{""basis"": ""Exact account sentence; cell placement is editorial inference."", ""source_unit"": ""q2-implement"", ""maintenance"": {""updated_at"": ""2026-09-06"", ""change_refs"": [""codex:thread:01a07608-d2ec-7b10-9713-74c445adf8a5""]}, ""last_reconciled_at"": ""2026-09-06T14:30:24.173993+00:00""}",
rel.factory.q3.S4,relation,product-field,q3,S4,"[""cap.factory.praxis-condition""]",,,,,agent-inference,ProjectCentral/user/factory.html#q3-owners,,,factory.html#q3/owners,"AIKit resolves the operative context, knowledge and praxis; Actuation determines situated Agency and authority; Workcell supplies material execution and lifecycle.",,"{""basis"": ""Exact account sentence; cell placement is editorial inference."", ""source_unit"": ""q3-owners"", ""maintenance"": {""updated_at"": ""2026-09-06"", ""change_refs"": [""codex:thread:01a07608-d2ec-7b10-9713-74c445adf8a5""]}, ""last_reconciled_at"": ""2026-09-06T14:30:24.173993+00:00""}",
rel.factory.q3.S5,relation,product-field,q3,S5,"[""cap.factory.praxis-condition""]",,,,,agent-inference,ProjectCentral/user/factory.html#q3-owners,,,factory.html#q3/owners,QL-MEF supplies optional formal orientation and refraction.,,"{""basis"": ""Exact account sentence; cell placement is editorial inference."", ""source_unit"": ""q3-owners"", ""maintenance"": {""updated_at"": ""2026-09-06"", ""change_refs"": [""codex:thread:01a07608-d2ec-7b10-9713-74c445adf8a5""]}, ""last_reconciled_at"": ""2026-09-06T14:30:24.173993+00:00""}",
